Sample_Name,Well,Dye,Locus,Allele,Size,Height,Area,Data_Point,Peak_Start,Peak_End,Comment
25_001_Child,A01,FAM,D3S1358,15,164.21,2845,15234,2341,2335,2348,
25_001_Child,A01,FAM,D3S1358,16,168.18,3201,17856,2356,2350,2363,
25_001_Child,A01,FAM,vWA,17,216.45,2456,13789,2987,2981,2994,
25_001_Child,A01,FAM,vWA,18,220.42,2789,15467,3003,2997,3010,
25_001_Child,A01,FAM,D16S539,11,259.32,1987,11234,3456,3450,3463,
25_001_Child,A01,FAM,D16S539,12,263.29,2134,12456,3472,3466,3479,
25_001_Child,A01,VIC,AMEL,X,106.58,4567,25789,1456,1450,1463,
25_001_Child,A01,VIC,AMEL,Y,112.65,4234,23456,1472,1466,1479,
25_001_Child,A01,VIC,D8S1179,13,178.21,3456,19234,2234,2228,2241,
25_001_Child,A01,VIC,D8S1179,14,182.18,3789,21456,2250,2244,2257,
25_001_Child,A01,VIC,D21S11,30,245.67,2345,13567,3123,3117,3130,
25_001_Child,A01,VIC,D21S11,31,249.64,2567,14789,3139,3133,3146,
25_001_Child,A01,VIC,D18S51,14,289.45,1789,10234,3567,3561,3574,
25_001_Child,A01,VIC,D18S51,15,293.42,1987,11456,3583,3577,3590,
25_001_Child,A01,NED,D2S441,11,154.32,2234,12789,2123,2117,2130,
25_001_Child,A01,NED,D2S441,14,166.26,2456,13567,2156,2150,2163,
25_001_Child,A01,NED,D19S433,14,187.54,3123,17234,2345,2339,2352,
25_001_Child,A01,NED,D19S433,15,191.51,3345,18456,2361,2355,2368,
25_001_Child,A01,NED,TH01,7,198.76,2789,15678,2456,2450,2463,
25_001_Child,A01,NED,TH01,9.3,214.82,2567,14234,2567,2561,2574,
25_001_Child,A01,NED,FGA,21,289.67,1567,9234,3234,3228,3241,
25_001_Child,A01,NED,FGA,24,301.73,1789,10456,3267,3261,3274,
25_001_Child,A01,PET,D22S1045,15,156.78,2345,13234,2167,2161,2174,
25_001_Child,A01,PET,D22S1045,16,160.75,2567,14567,2183,2177,2190,
25_001_Child,A01,PET,D5S818,11,198.43,3234,18456,2478,2472,2485,
25_001_Child,A01,PET,D5S818,12,202.40,3456,19678,2494,2488,2501,
25_001_Child,A01,PET,D13S317,11,234.56,2123,12345,2945,2939,2952,
25_001_Child,A01,PET,D13S317,12,238.53,2345,13567,2961,2955,2968,
25_001_Child,A01,PET,D7S820,10,267.89,1789,10234,3345,3339,3352,
25_001_Child,A01,PET,D7S820,11,271.86,1987,11456,3361,3355,3368,
25_002_Father,A02,FAM,D3S1358,14,160.24,2967,16234,2323,2317,2330,
25_002_Father,A02,FAM,D3S1358,16,168.18,3124,17456,2356,2350,2363,
25_002_Father,A02,FAM,vWA,16,212.48,2678,14567,2969,2963,2976,
25_002_Father,A02,FAM,vWA,17,216.45,2934,15789,2987,2981,2994,
25_002_Father,A02,FAM,D16S539,9,251.35,2156,12789,3423,3417,3430,
25_002_Father,A02,FAM,D16S539,12,263.29,2387,13234,3472,3466,3479,
25_002_Father,A02,VIC,AMEL,X,106.58,4234,23456,1456,1450,1463,
25_002_Father,A02,VIC,AMEL,Y,112.65,4567,25789,1472,1466,1479,
25_002_Father,A02,VIC,D8S1179,12,174.24,3234,18567,2212,2206,2219,
25_002_Father,A02,VIC,D8S1179,13,178.21,3567,19789,2234,2228,2241,
25_002_Father,A02,VIC,D21S11,28,237.70,2456,14234,3089,3083,3096,
25_002_Father,A02,VIC,D21S11,30,245.67,2678,15456,3123,3117,3130,
25_002_Father,A02,VIC,D18S51,16,297.39,1876,11234,3599,3593,3606,
25_002_Father,A02,VIC,D18S51,18,305.33,2034,12456,3632,3626,3639,
25_002_Father,A02,NED,D2S441,10,150.35,2123,12345,2101,2095,2108,
25_002_Father,A02,NED,D2S441,11,154.32,2345,13567,2123,2117,2130,
25_002_Father,A02,NED,D19S433,13,183.57,3012,16789,2323,2317,2330,
25_002_Father,A02,NED,D19S433,14,187.54,3234,17890,2345,2339,2352,
25_002_Father,A02,NED,TH01,6,194.79,2567,14567,2434,2428,2441,
25_002_Father,A02,NED,TH01,7,198.76,2789,15678,2456,2450,2463,
25_002_Father,A02,NED,FGA,23,297.70,1654,9789,3251,3245,3258,
25_002_Father,A02,NED,FGA,25,305.76,1876,10234,3284,3278,3291,
25_002_Father,A02,PET,D22S1045,11,148.81,2234,13456,2145,2139,2152,
25_002_Father,A02,PET,D22S1045,15,156.78,2456,14234,2167,2161,2174,
25_002_Father,A02,PET,D5S818,10,194.46,3123,17890,2456,2450,2463,
25_002_Father,A02,PET,D5S818,12,202.40,3345,18234,2494,2488,2501,
25_002_Father,A02,PET,D13S317,8,226.59,2012,11789,2911,2905,2918,
25_002_Father,A02,PET,D13S317,11,234.56,2234,12345,2945,2939,2952,
25_002_Father,A02,PET,D7S820,8,259.92,1678,9567,3312,3306,3319,
25_002_Father,A02,PET,D7S820,10,267.89,1876,10234,3345,3339,3352,
25_003_Mother,A03,FAM,D3S1358,15,164.21,2756,14890,2341,2335,2348,
25_003_Mother,A03,FAM,D3S1358,17,172.15,2987,16234,2372,2366,2379,
25_003_Mother,A03,FAM,vWA,15,208.51,2345,13456,2951,2945,2958,
25_003_Mother,A03,FAM,vWA,18,220.42,2678,14789,3003,2997,3010,
25_003_Mother,A03,FAM,D16S539,11,259.32,2012,11567,3456,3450,3463,
25_003_Mother,A03,FAM,D16S539,13,267.26,2234,12890,3488,3482,3495,
25_003_Mother,A03,VIC,AMEL,X,106.58,4456,24789,1456,1450,1463,
25_003_Mother,A03,VIC,D8S1179,10,170.27,3012,17234,2190,2184,2197,
25_003_Mother,A03,VIC,D8S1179,14,182.18,3345,18567,2250,2244,2257,
25_003_Mother,A03,VIC,D21S11,30,245.67,2456,14234,3123,3117,3130,
25_003_Mother,A03,VIC,D21S11,32.2,253.58,2678,15456,3155,3149,3162,
25_003_Mother,A03,VIC,D18S51,12,281.48,1789,10567,3533,3527,3540,
25_003_Mother,A03,VIC,D18S51,14,289.45,1987,11234,3567,3561,3574,
25_003_Mother,A03,NED,D2S441,11,154.32,2123,12456,2123,2117,2130,
25_003_Mother,A03,NED,D2S441,14,166.26,2345,13789,2156,2150,2163,
25_003_Mother,A03,NED,D19S433,12,179.60,2876,16234,2301,2295,2308,
25_003_Mother,A03,NED,D19S433,15,191.51,3098,17456,2361,2355,2368,
25_003_Mother,A03,NED,TH01,6,194.79,2456,14123,2434,2428,2441,
25_003_Mother,A03,NED,TH01,9.3,214.82,2678,15345,2567,2561,2574,
25_003_Mother,A03,NED,FGA,19,281.64,1567,9234,3201,3195,3208,
25_003_Mother,A03,NED,FGA,21,289.67,1789,10456,3234,3228,3241,
25_003_Mother,A03,PET,D22S1045,16,160.75,2345,13789,2183,2177,2190,
25_003_Mother,A03,PET,D22S1045,17,164.72,2567,14567,2199,2193,2206,
25_003_Mother,A03,PET,D5S818,11,198.43,3123,18234,2478,2472,2485,
25_003_Mother,A03,PET,D5S818,13,206.37,3345,19456,2510,2504,2517,
25_003_Mother,A03,PET,D13S317,9,230.59,2012,11890,2928,2922,2935,
25_003_Mother,A03,PET,D13S317,12,238.53,2234,12567,2961,2955,2968,
25_003_Mother,A03,PET,D7S820,9,263.95,1678,9789,3328,3322,3335,
25_003_Mother,A03,PET,D7S820,11,271.86,1876,10234,3361,3355,3368